Source,Target,Strength
1006223461,3383049855,3
1006704806,471672239,3
1008951163,358545917,3
1008951163,74841347,3
1013865253,769504943275466753,3
101896473,728438127119851522,6
102268811,19211550,3
102268811,358545917,6
102304238,109065990,5
1025294424,778719588716470273,3
1026182053,26487169,5
1026182053,471672239,3
102824312,2534195028,3
1031086644,358545917,3
103139501,331057915,3
1032595405,1032595405,6
103289864,783046681,4
104318294,331057915,3
104552862,236487888,6
104595364,471672239,3
1046224184,884024311,3
1048774327,26487169,3
104940469,130496027,3
105299748,105299748,4
105345807,471672239,3
105607918,331057915,3
105726415,407490941,3
1064203465,236487888,4
1064203465,26487169,4
106622252,471672239,3
1067148937,358545917,3
1067528358,471672239,4
107017897,358545917,3
1070399952,884024311,4
107721194,56037463,3
1077541242,4761064634,3
107766082,56037463,4
107773310,56037463,5
1078211426,24127811,3
107980048,236487888,4
108057555,777879358451093504,3
108288348,108288348,3
1083654594,26487169,3
1084264573,459872442,7
1086656658,462104542,5
108985609,56037463,3
109057738,26487169,3
1094197688,875627605,3
1100253632,24127811,4
1101083736,358545917,3
110520517,16122121,3
1105310256,331376866,3
1106503729,280032759,4
1106503729,896258742,3
1106703680,1106703680,3
1107232490,24127811,3
110728224,112944623,4
1110194262,111216929,4
111225697,393190233,3
111989084,331057915,3
112614146,24127811,6
112614146,358545917,3
1126785380,347627434,12
1131943926,2534195028,4
1133241936,705333567543504896,3
1134681,24127811,6
1139455316,466144416,3
1140206870,26487169,3
1142469860,18071473,4
1143033450,26487169,3
114558569,109065990,3
1145724890,358545917,4
114870635,114870635,3
114872258,16163639,4
1150914516,358545917,5
1150914516,779739206339928064,3
115125517,26487169,3
115496935,4761064634,3
115681686,115681686,6
1160681953,26487169,3
116594869,346924655,3
119534385,471672239,3
1198570398,396158429,3
1221486553,24127811,3
1221486553,471672239,3
122241218,26487169,3
1222757654,459872442,5
1222757654,550708707,4
1224996284,17007782,3
1226512668,59550291,3
122783937,122783937,11
123171022,24127811,4
1232348810,466144416,4
1232727414,471672239,3
1236234241,471672239,4
123744775,471672239,3
124208925,358545917,3
124455128,56037463,6
124498597,2746979823,3
1247473934,24127811,3
1252192320,471672239,3
125304610,26487169,3
125406318,19211550,3
125406318,438829074,3
125550109,471672239,3
125744394,26487169,5
1258069068,18993272,3
126009130,471672239,3
1260870338,111216929,3
1262872968,1262872968,3
126440204,16163639,6
1267362949,3284112337,3
1271368357,111216929,3
1277481013,26487169,11
1281052094,24127811,3
1284714200,331057915,7
128494736,18071473,3
1287022826,358545917,3
1287225810,471672239,3
129039575,438829074,5
12912542,12912542,6
1296875341,148291255,3
1296875341,4236806414,5
129949447,471672239,3
1305192181,26487169,3
1305192181,471672239,3
1308475742,24127811,3
130977700,704426952820535296,3
13107372,24127811,6
13130902,24127811,6
1317782702,44135635,3
13178042,4761064634,3
1326133188,471672239,3
1327545288,358545917,3
1328692524,1328692524,3
1332367184,109065990,6
133381409,462104542,3
133385433,471672239,3
1342089816,26487169,4
1342089816,90480218,3
134971995,20415005,3
1349829794,24127811,6
1350989725,471672239,6
13525402,358545917,3
1355496139,817652,3
1358202859,1358202859,9
1362381085,93295809,4
1364478211,1364478211,3
1368287814,471672239,3
1369702532,111216929,4
1370179141,1370179141,3
137718722,18549385,3
1390714026,24127811,3
1400943320,26487169,5
1400943320,466144416,4
1403108310,278658252,14
140506338,111216929,3
140638175,438829074,3
140641561,374775473,3
14102928,111216929,4
1411787329,26487169,3
1418775942,26487169,8
14243666,26487169,4
1429320763,39344374,3
1429320763,471672239,4
1429546334,438829074,3
143088640,16163639,4
143115107,20480549,4
1442055979,26487169,3
1442055979,3284112337,3
1447129999,1447129999,7
1447529352,358545917,3
1453575974,486440174,3
145518909,24127811,7
14565490,26487169,4
14577046,331057915,4
145856687,358545917,3
14610474,3890933907,6
14641650,26487169,4
14641650,471672239,3
1464560094,26487169,3
1471971834,111216929,3
14791358,236487888,3
14791358,26487169,3
14791358,4761064634,3
148122416,130496027,3
148776416,462104542,4
1496756359,1496756359,3
14989516,1408003598,3
150191490,3890933907,3
150486258,377778958,3
151073293,26487169,3
1510787130,111216929,5
15120279,374775473,3
1513566746,4584443975,3
1514305603,358545917,3
1516737583,26487169,3
1523617352,111216929,3
152746313,24127811,3
15276401,459872442,3
152780763,26487169,3
1528212727,16163639,5
1531185990,109065990,6
1531185990,26487169,13
1531185990,358545917,8
1531185990,471672239,3
153119253,111216929,3
15328129,24127811,4
1537533012,471672239,3
1537881145,3387188439,3
1543924651,4851276082,4
1548975014,4627222575,3
1549066418,148291255,3
1553444053,24127811,3
1553444053,42825230,6
15563891,26487169,7
1557980388,111216929,3
15613677,26487169,10
15613677,471672239,4
1564676498,393190233,3
15656004,24127811,5
1566816938,272114651,4
1568851314,24127811,5
157198701,26487169,3
1572753211,111216929,3
157437626,26487169,3
1575689569,1575689569,3
15758235,26487169,3
1577789274,3367987133,4
1579461362,15669672,3
15808113,110213124,3
1581496496,26487169,3
1590030210,16163639,5
159180954,471672239,3
1593965984,26487169,3
1594642194,471672239,3
1595125903,26487169,3
1595645839,26487169,4
1596074678,26487169,8
1596234775,471672239,3
1596757705,26487169,3
15995652,54065567,3
1607390360,358545917,4
1607390360,779739206339928064,3
1608824376,729294150345080832,3
16118148,24127811,10
16118453,471672239,3
16118453,4761064634,3
161469698,26487169,3
1618489146,26487169,6
1618489146,471672239,3
1618641848,1618641848,3
1618660008,466144416,5
161889285,24127811,3
1621320505,130496027,3
16252092,471672239,3
16252985,358545917,3
162555684,26487169,3
162555684,471672239,3
162555684,4761064634,3
16335102,24127811,5
16335102,26487169,3
16335102,358545917,3
16335102,471672239,3
16355072,331057915,3
163626482,16163639,4
163626482,358545917,7
16371169,26487169,3
1638742382,26487169,3
16389986,16389986,4
16410897,24127811,13
1643167080,26487169,3
164342281,2242085304,3
1646044446,109065990,7
164787959,26487169,3
1648140272,24127811,4
16490090,199056422,5
1649137394,358545917,6
16495008,779739206339928064,3
165073959,11866582,4
165073959,20508720,3
1650858084,24127811,4
1653887586,471672239,3
16561729,16561729,3
16562818,24127811,5
16579411,25320639,4
16579411,26487169,3
1659405564,1659405564,3
166216613,3284112337,5
167708017,331057915,3
167862232,3890933907,3
167924087,167924087,3
16829397,111216929,3
16834167,24127811,6
168667405,471672239,3
16888374,174770559,11
16934454,550708707,3
1694109350,3367987133,4
1695227844,26487169,3
169907554,471672239,3
17027924,15220768,3
170359315,471672239,3
17056659,2534195028,3
17056659,3419210573,3
17056659,710990834972233728,3
1707512646,26487169,5
1707512646,471672239,3
17109615,26487169,3
1713545467,26487169,8
1713545467,39344374,3
1713545467,471672239,3
1713717439,471672239,3
1719331698,16163639,8
17196238,3284112337,3
172255937,26487169,3
172255937,438829074,3
172947296,26487169,5
173137575,26487169,4
174770559,1408003598,3
174770559,16888374,12
174770559,55226111,3
175127426,117655609,3
175144654,358545917,3
17546242,438829074,5
17561562,16163639,3
175907485,109065990,4
17602601,111216929,11
17719672,471672239,4
17859082,26487169,4
17896573,24127811,3
179180471,26487169,3
179807762,66533920,3
180141039,15513604,3
18067164,26487169,3
18067164,3284112337,4
18067164,471672239,3
180965632,16163639,5
180965632,17561562,3
18113160,3890933907,5
181249422,181249422,8
181302278,181302278,4
181309184,471672239,4
18204002,24127811,3
18220885,24127811,3
18220885,358545917,3
18224278,24127811,4
18224278,358545917,3
18224811,109065990,3
182606087,4761064634,3
182663887,111216929,6
18284893,26487169,3
18294521,24127811,3
18302658,331057915,8
1852852502,26487169,3
18568363,1499268588,4
18587394,26487169,3
18608430,331057915,3
186333289,471672239,3
18639902,26487169,6
186506052,26487169,4
186506052,722942823847170048,3
1865176224,26487169,3
18680093,358545917,4
187257145,3111909523,4
187411778,26487169,3
1880898456,24127811,20
1880898456,66533920,6
18810387,26487169,4
18832833,781603145269075969,3
188807646,1499268588,3
1894404925,2534195028,3
1895204172,22179370,4
1899031500,16163639,7
1899031500,471672239,4
1899092012,18643437,3
190044015,466144416,4
1901735065,358545917,4
1901735065,42825230,7
1903532214,26487169,3
190371162,111216929,3
1904823103,471672239,3
19058949,26487169,8
19072060,757284447918194688,5
19085578,16163639,3
1910116862,471672239,3
1913410831,1558861508,4
1913711058,471672239,3
19171162,24127811,3
1917575185,2993449593,3
192036002,18643437,3
192036002,358545917,7
1921320392,471672239,3
1921399458,111216929,3
19220785,733838438,4
192935052,285967672,6
192935052,331057915,40
19317371,471672239,3
1932937592,1932937592,4
1934548688,471672239,4
19354935,26487169,3
1936536769,1618641848,3
1936536769,393190233,3
1942353900,26487169,4
1944182149,26487169,8
1944182149,3367987133,5
194713944,24127811,4
1947900744,64595461,3
1949347722,16163639,3
1949347722,236487888,6
1949347722,26487169,4
1949671112,331057915,3
1951965764,471672239,3
1963612351,24127811,5
196411725,148291255,4
1969399538,26487169,4
1972076252,358545917,3
19777469,471672239,3
197838315,26487169,3
198054116,2746979823,3
19841902,24127811,5
198739013,202814670,4
198824594,3914047581,3
199056422,199056422,389
19920619,471672239,3
19921268,4761064634,4
199324433,174770559,5
199768203,26487169,8
199768203,28003949,4
199768203,43969372,3
20084570,26487169,5
200964745,84653850,3
201604949,2255983068,5
201781540,26487169,4
20182257,14069721,3
20201631,236487888,3
202367059,15669672,4
202367059,199056422,7
202367059,26487169,3
20268039,190662041,3
202750031,26487169,6
20308223,16244449,3
204132287,26487169,3
20435808,4761064634,3
20467453,785917011918327808,3
205644304,205644304,3
205689843,24127811,4
206063108,2255983068,3
206957682,4761064634,3
20715638,109065990,3
20730783,26487169,3
20737589,130496027,3
20773456,236487888,4
20782953,3111909523,4
208059447,24127811,3
20826129,26487169,3
208352822,471672239,3
209103227,26487169,3
209103227,418867782,3
209425078,24127811,3
20942763,26487169,3
209881576,358545917,3
210275927,26487169,8
210275927,471672239,3
21056656,109065990,4
21091983,26487169,10
210982195,3387188439,3
211533486,2534195028,3
211620129,24127811,6
212769991,24127811,5
213071545,358545917,3
21333697,24127811,6
21368516,471672239,3
214829926,18643437,3
215154964,2288462990,3
215154964,24127811,3
2151813224,26487169,6
2151953562,111216929,3
2151953562,24127811,4
215293961,4496549793,3
2154028783,236487888,4
21587082,3435940588,3
21587082,574915137,3
2161175960,26487169,3
216123608,66533920,6
216498790,216498790,6
2166712563,2166712563,5
2167674121,261749735,4
2167798236,2167798236,3
2169470797,3111909523,3
217137252,25320639,4
217137252,4584443975,3
2172872273,471672239,4
21736198,358545917,3
217513485,111216929,3
217575068,4761064634,3
2176780082,331057915,5
2178663834,16163639,9
2178663834,25539759,4
2178663834,4272870988,3
2179916998,471672239,3
21802725,393190233,3
2180795005,126433539,4
2182657752,26487169,9
2182657752,3367987133,6
218351169,4761064634,3
2189444204,26487169,9
21901503,21901503,4
2191571707,26487169,3
2191984092,24127811,4
21924420,24127811,3
219425028,2949092680,3
2194394673,869049313,3
219489934,24127811,4
2196646711,109065990,3
219793074,471672239,3
219997270,56037463,6
2200630458,471672239,3
2204552464,26487169,3
2209298587,1080576949,13
221011668,26487169,3
221011668,742749379623165955,3
2211112023,734203266964295680,4
221121595,26487169,7
2213512260,2213512260,3
221475570,221475570,8
221475570,26487169,4
2218437631,358545917,3
221963057,26487169,4
2223706189,24127811,3
2223706189,471672239,3
222547785,26487169,3
222547785,471672239,4
2226814305,471672239,4
22280891,358545917,3
2232152180,111216929,3
2233811049,900355423,3
2236630092,26487169,5
2237957448,471672239,3
2238259269,4272870988,3
223896073,466144416,3
2239548626,26487169,3
2240033851,471672239,3
224099937,26487169,4
224286721,130496027,3
2245411745,471672239,4
2246427643,26487169,4
224760049,26487169,3
2252475822,2252475822,14
2254586790,2254586790,3
2255983068,2255983068,3
225733872,574915137,3
225733872,64595461,4
226070187,358545917,4
226070187,50769180,3
226228068,18643437,3
2262574488,358545917,3
2265133784,779739206339928064,3
2268344145,358545917,3
2270554398,2270554398,14
2270832549,101457999,3
2271850670,26487169,4
227307359,24516301,3
2278197342,358545917,3
2279480828,15513604,4
228015335,84653850,3
22808333,24127811,3
2280896059,39344374,3
22822556,111216929,4
2282901638,26487169,4
2284573357,26487169,8
22856092,2534195028,3
228791219,466144416,3
2288462990,24127811,12
2288462990,722942823847170048,5
2292743989,111216929,3
2292743989,26487169,3
2294762225,471672239,3
229491643,3111909523,3
229670513,24127811,5
2296807926,236487888,3
2297125818,26487169,4
2302413002,710990834972233728,3
2304347564,358545917,3
2305879171,16076032,3
2305879171,16163639,8
2305879171,24127811,22
2305879171,358545917,5
2305879171,471672239,4
2307464682,471672239,3
2308404913,26487169,3
2312197316,734886138326847491,3
2312902755,24127811,5
2315451122,26487169,3
2315583427,393190233,8
2316751902,2316751902,7
2319887304,26487169,3
2320715947,111216929,3
232266535,24127811,3
23240495,471672239,4
2324939314,438829074,5
23250565,26487169,5
2325879996,285967672,3
2325879996,331057915,9
2326231555,884024311,3
2326394664,26487169,4
232691447,788162508876054529,4
2329210838,2993449593,3
2329435819,26487169,4
2329567400,3394763765,3
2329567400,729294150345080832,9
2330478312,24127811,3
2330531478,459872442,3
2332573171,2288462990,6
233371379,24127811,8
233371379,66533920,8
233621615,2779389582,4
23373309,174770559,5
23393316,471672239,3
2340988752,26487169,3
2341977604,15513604,3
2341977604,2534195028,3
2341977604,26487169,8
2341977604,466144416,3
2341977604,471672239,4
2341977604,4761064634,3
234466998,393190233,3
234466998,4262146367,3
234466998,4761064634,3
2347719997,721737068322271232,3
23479954,26487169,3
2354351132,471672239,3
2356944679,471672239,3
235698522,26487169,3
235698522,3383049855,3
235698522,358545917,3
2357377808,16163639,3
2359692109,39308549,3
2361304821,3284112337,3
2361859956,109065990,4
2361859956,471672239,3
2363620862,42825230,3
236681060,24127811,3
2367863310,111216929,3
2369216078,358545917,3
2369688244,66533920,3
237140311,26487169,6
2374048657,26487169,5
2374048657,471672239,4
2374237604,26487169,5
2374710294,26487169,3
2376137988,24127811,3
2381241810,236487888,4
2381241810,721737068322271232,6
2382696936,236487888,3
23840242,26487169,3
2384029214,26487169,3
239098890,471672239,4
2391736411,721737068322271232,5
2391853732,2534195028,3
2394771566,199056422,4
239760871,239760871,5
2398300866,109065990,3
23994631,2242085304,3
240038070,24127811,3
2401319821,26487169,3
2402871253,111216929,3
2402871253,438829074,12
240658286,721737068322271232,3
2409490969,729294150345080832,6
241173956,18643437,3
2412231368,2412231368,3
2412231368,4761064634,3
241263190,39344374,3
2417813899,3383049855,5
241803028,358545917,4
24226326,26487169,4
2425776899,471672239,3
2426437332,14505245,3
24309304,358545917,4
243338872,459872442,3
2434108123,714575249128423424,14
2436723198,26487169,4
2438889943,2574956743,4
2438996330,26487169,3
2443151240,4761064634,3
2443710643,884024311,3
244605913,26487169,6
2446331126,15063486,3
2447070738,2288462990,4
2447290136,358545917,3
2449860300,358545917,3
245207295,111216929,3
245242961,471672239,3
2452579349,884024311,3
2455824056,26487169,4
2458410882,16163639,11
2458410882,358545917,5
2458476536,236487888,3
2458476536,358545917,4
245885182,26487169,3
2461452080,722942823847170048,3
246179810,358545917,3
2461907034,2299898941,4
2462287662,331057915,4
24626122,26487169,3
2465958361,930174438,3
2468835126,734886138326847491,3
2469807936,16163639,3
2471150767,1375717166,3
2471698340,438829074,3
2472706965,471672239,3
2473048608,26487169,3
2473143948,358545917,4
247319675,24127811,4
2473250695,26487169,3
247558666,16163639,6
2476178880,2476178880,3
2476178880,358545917,3
2476178880,39344374,3
247650839,331057915,3
2477028826,358545917,3
2477331072,4810747934,3
2478940417,4761064634,4
2479085623,111216929,4
2479977919,236487888,4
24806398,14505245,3
248365518,471672239,3
24840051,3383049855,3
2486399080,108475786,3
2488999291,471672239,3
2489678468,471672239,3
2490389310,45641358,3
2494734018,4761064634,4
2496377724,16163639,6
2496377724,24127811,3
2496377724,3383049855,3
249832494,26487169,4
2500587222,1969583143,3
2502463908,2502463908,8
2502463908,471672239,3
2507917171,16163639,3
2507917171,24127811,11
2507917171,26487169,3
2507917171,358545917,4
2507917171,734886138326847491,3
2510389099,275276082,3
25128967,24127811,7
2514475647,471672239,3
251497683,2733816872,3
251668274,61015562,3
252141392,16623835,3
252163888,26487169,4
252163888,471672239,4
2529693623,109065990,3
253227576,471672239,3
2532637243,2881167136,3
253637278,358545917,8
253843457,4761064634,3
254225845,254225845,6
2544315597,347627434,3
2544931616,2461452080,3
2544931616,358545917,10
25456537,26487169,3
2548791199,471672239,4
25493304,24127811,7
25493304,66533920,3
255645890,26487169,7
255645890,4826510725,13
2559756184,26487169,3
256184059,750868791752593408,5
256184059,772891119424331776,21
256295530,898819579,19
256780164,26487169,3
256780164,4761064634,3
256804632,24127811,3
2569487083,240107748,4
2569487083,459872442,5
2570950710,109065990,3
2571872893,72931184,3
2573562002,438829074,6
2573939444,3387188439,3
2574833642,2574956743,4
2574956743,2574956743,10
2581320411,26487169,5
258241023,24127811,4
2587530942,2587530942,3
25890025,130496027,3
2590278009,45620701,9
2591708060,471672239,4
2596671277,26487169,6
25986794,374775473,3
2599136157,3387188439,4
260126662,963297229,3
26012834,26487169,3
260634454,4761064634,3
260830319,109065990,4
2614181437,26487169,3
2614244476,471672239,3
261749735,471672239,4
261749735,715044396,3
2617600688,92079350,3
2619163263,2619163263,10
262349771,111216929,3
262529184,331057915,6
262529998,1246177122,9
26254723,4761064634,3
2626453511,1384804622,47
262683865,111216929,3
263196028,550708707,3
263477298,2534195028,3
263504882,24127811,5
2647869419,734886138326847491,3
264870144,26487169,4
2650655484,358545917,3
2651310065,26487169,3
2651310065,471672239,3
26528766,16163639,4
26528766,24127811,3
2654356639,26487169,3
2654356639,2654356639,4
2660095619,26487169,4
26603208,111216929,5
2668286088,358545917,3
26686224,574915137,5
2669181342,239760871,3
26694773,26487169,6
267021306,26487169,3
267021306,438829074,5
267448447,331057915,3
267781885,14669951,3
267781885,24127811,3
2678460650,462104542,6
2685199019,272114651,3
2690281202,2941365709,8
269032307,16163639,5
2690379065,393190233,3
2690717251,471672239,3
2693870551,331057915,4
26947929,216498790,3
2703114008,26487169,3
270671495,471672239,3
270679712,270679712,4
2711398008,111216929,3
271172870,347627434,3
271172870,471672239,4
271315071,26487169,6
271602903,18643437,3
2716100047,1618641848,3
2718111834,2667857126,3
2718132016,2718132016,3
2718164052,2840378924,5
2718236783,26487169,7
2718236783,471672239,3
2718344363,471672239,4
271878957,471672239,4
2719032460,26487169,4
2719556213,438829074,6
2720985711,26487169,3
272114651,272114651,3
2722120380,733838438,4
2724918372,26487169,3
272559329,26487169,5
2725704808,2242085304,3
2728250542,2887968749,3
2728536772,26487169,3
2729691812,3383049855,3
2729894420,471672239,3
2730588752,705333567543504896,4
2734350850,701765169337262081,3
27344142,26487169,4
27344142,4761064634,3
2734747239,26487169,3
2735203011,3340501694,3
2736331149,111216929,3
27368525,48887254,3
273970953,471672239,4
2739781664,26487169,5
27435320,438829074,5
2744900304,109065990,3
2744936164,26487169,3
274621914,25320639,3
274643115,24127811,3
274673203,111216929,3
2746979823,2746979823,3
2746979823,358545917,3
2747597048,4761064634,3
274891222,1618641848,3
274891222,393190233,3
274891222,705229345745276928,6
2749225968,26487169,4
2749742154,131249283,3
275276082,275276082,3
27534951,358545917,5
27550771,49698134,3
2755987049,2733816872,3
2757669919,2757669919,3
2762251732,26487169,4
276600247,25446957,3
27686745,26487169,3
2771575558,471672239,3
2771575558,4761064634,4
2771588954,3890933907,3
27734496,24127811,14
2777168127,26487169,3
2777995764,26487169,3
2779517050,1499268588,3
2779517050,239760871,3
2779517050,2779517050,15
2780931235,26487169,3
2784100399,26487169,5
278658252,1403108310,3
278658252,278658252,35
278886027,471672239,3
2789007712,148291255,6
27892367,24127811,5
2790731089,14505245,4
2790731089,779739206339928064,3
279134171,16163639,4
279134171,24127811,4
279223008,26487169,5
2792749508,358545917,5
279288717,111216929,3
2793193186,26487169,3
2794812876,16163639,4
2794812876,24127811,9
2794812876,471672239,3
2796119365,358545917,3
2798432052,471672239,4
280027618,407490941,3
2800705332,24127811,3
280336914,284549082,10
2805864295,734886138326847491,3
280800861,111216929,4
2809196981,24127811,3
2812638431,471672239,3
282355995,3284112337,5
2823620637,2746979823,3
2823620637,471672239,4
282817762,24127811,3
2831536977,1384804622,4
2833599255,358545917,4
2834620568,26487169,3
2834620568,471672239,4
2836507904,331057915,3
283677281,26487169,6
2837876374,24127811,4
284231137,471672239,3
2848139576,100397412,3
2848666053,2848666053,3
285185831,26487169,3
285502242,438829074,3
2858341588,24127811,3
2858375682,24127811,3
2859241221,16163639,3
28606630,16163639,5
28606630,358545917,3
2861314394,358545917,3
28625375,26487169,3
2863821045,26487169,4
2867854738,4761064634,3
2868389650,236487888,3
286922738,26487169,3
2869244972,26487169,3
2871592441,1426219171,3
2871607491,26487169,3
2874387150,3890933907,3
287505023,26487169,4
287505023,471672239,3
2875166787,24127811,5
2876318498,734886138326847491,3
2876378805,24127811,18
287647587,26487169,3
2878397393,26487169,4
2878480733,109065990,3
2884079135,26487169,5
2884217751,176417197,3
2884739378,358545917,4
2886095098,1494648920,3
2888140440,24127811,5
2889010472,471672239,3
2890165361,26487169,3
2890165361,3284112337,5
2890828923,24127811,5
2891411482,111216929,3
2891411482,14855994,3
2891411482,24127811,3
2891477268,111216929,4
2891670851,24127811,3
2892983181,26487169,4
28943037,26487169,3
289689943,26487169,4
2897145050,24127811,7
2898273472,26487169,4
289836894,236487888,6
289836894,438829074,3
2898756616,26487169,3
2899880188,50836292,4
2903166449,393190233,3
29031834,331057915,3
2908648893,26487169,3
2911833425,26487169,4
2911833425,3383049855,5
29118781,3284112337,4
29125086,471672239,3
291270896,331057915,3
2912811675,884024311,3
291482799,471672239,3
29157656,130496027,4
2916108169,471672239,3
2918947319,2347049341,3
292604873,26487169,3
2926464862,358545917,6
2926464862,39344374,3
2926464862,471672239,3
292878034,734886138326847491,3
293607250,374775473,3
2936475981,3111909523,4
2937854619,16163639,9
2937854619,19211550,4
2937854619,25320639,3
293795974,471672239,3
2941629111,26487169,3
2941629111,471672239,3
2942867199,2733816872,3
2949051936,26487169,3
2949092680,111216929,3
2949311052,466144416,4
2953201,542962969,4
2955195313,111216929,3
2955460121,471672239,3
2956321963,471672239,3
2959720859,471672239,3
2961574276,15518286,4
2961574276,16163639,7
2961955331,278658252,168
2962365465,769380097359024128,4
296367001,117207434,3
2963751519,884024311,3
2964722022,1679672113,5
2965069174,1368116144,3
296584207,16163639,7
296584207,24127811,12
296584207,358545917,4
296834171,48012011,3
2971929537,26487169,3
2975187827,14669951,3
2975906151,236487888,3
2976865088,15063486,3
2976878243,26487169,8
2977381687,26487169,4
2980775187,24127811,5
2981781891,16163639,3
2983302897,26487169,3
2984823707,358545917,3
2986089131,466144416,3
2990216342,26487169,5
299085247,15669672,3
299085247,26487169,4
2992359426,2992359426,3
29929522,4761064634,3
2993449593,2993449593,5
2996391235,24127811,4
29993565,471672239,3
2999700747,26487169,3
3006690178,26487169,4
3006690178,4761064634,4
3010341234,26487169,3
3010341234,438829074,4
301212396,2534195028,3
3015370299,550708707,4
3017705364,26487169,3
3020455940,471672239,4
302059038,2534195028,3
3021539556,26487169,3
3021798532,884024311,3
3025921727,26487169,4
30319316,24127811,3
30319316,30319316,4
30319316,358545917,3
3033978584,24127811,5
303450744,4761064634,3
3039387387,374775473,5
3040871686,26487169,4
3041208837,358545917,3
3041589551,24127811,3
3042356250,72931184,3
3044596275,26487169,4
3044596275,471672239,3
304563509,236487888,3
305120082,26487169,5
3051577197,236487888,4
30523058,16163639,6
30523058,358545917,3
3058539006,968299640,3
3060448016,148291255,7
3060448016,4761064634,3
3061797379,16163639,3
3063990535,16163639,12
3063990535,19211550,3
3063990535,2288462990,4
3063990535,24127811,7
3063990535,358545917,4
3063990535,3958327401,4
3063990535,42825230,9
30644500,26487169,3
3072356408,26487169,4
3074687216,4761064634,3
30856797,347627434,3
308767225,26487169,3
3089040558,709560846163296257,3
3091557700,535662805,3
3091954441,26487169,4
3091954441,471672239,3
3092625141,3092625141,3
309321148,358545917,3
30938516,358545917,3
3093907031,1548975014,3
3099252940,26487169,3
310083612,471672239,3
3106208237,26487169,3
3111909523,24127811,3
3112345673,358545917,3
311251169,311251169,3
31125980,3284112337,4
31125980,471672239,3
31156332,90684850,3
3119977103,734886138326847491,3
31223236,111216929,5
3122896768,471672239,3
3126563358,26487169,3
3128771203,3890933907,3
3129677565,26487169,3
31303107,3311014386,3
31303107,757029661289304064,3
313288354,449974837,3
31344647,4855687055,4
313530478,471672239,3
3140971784,111216929,4
3144928956,24127811,4
3147366720,358545917,3
31480905,93295809,3
3156705035,26487169,8
3156705035,471672239,4
3160203640,884024311,3
3161107329,14458643,3
3164585753,3164585753,3
3166178833,102862980,3
3166178833,4272870988,3
3167493495,109065990,6
3170548810,3284112337,3
3170692550,358545917,4
3171549289,109065990,3
3171738157,346046232,3
317792044,111216929,3
318003383,331057915,3
3180679291,3284112337,3
3182146801,24127811,3
3182887447,727602643221155840,4
3183459762,49698134,3
3184471478,275276082,11
3184558807,24127811,4
3184890253,26487169,3
3184890253,438829074,3
318551071,26487169,4
318694851,229141520,3
318694851,26487169,5
318721919,26487169,3
3188918976,471672239,3
3188918976,90480218,4
3189683242,358545917,3
3191404926,2534195028,3
3192506298,3192506298,16
319276183,16163639,7
319276183,779739206339928064,4
3192848121,358545917,4
3193836186,26487169,3
319637000,2534195028,3
320264267,16163639,4
320488456,438829074,5
3206763843,3914047581,3
321777822,358545917,3
3217991705,3284112337,4
3220667984,471672239,3
3221921520,109065990,3
322243662,26487169,4
322266894,56174050,3
3226586376,3284112337,3
3226586376,4236806414,3
3226951291,743600698416332800,3
323021389,111216929,3
323085742,358545917,3
3231865460,471672239,3
323337476,15463671,3
3233867732,471672239,3
3234026785,26487169,5
3234067815,722942823847170048,3
3234781559,734203266964295680,3
3237940072,4720378829,3
32389958,471672239,4
3239029664,742749379623165955,3
3239776277,111216929,6
3239853627,24127811,4
324085045,4761064634,3
3241032604,471672239,3
3241409597,2534195028,3
3242026466,471672239,3
324290289,347627434,3
324290289,471672239,3
3243767079,2534195028,3
3245332410,471672239,3
3245666764,471672239,3
3246358172,26487169,4
3247780708,471672239,3
324888907,26487169,3
32495636,26487169,3
3252669380,358545917,3
3254277065,331057915,6
3254771270,777879358451093504,5
3254982230,24127811,3
3257146604,3570697343,3
3257276071,26487169,6
325852273,26487169,3
325852273,4761064634,3
3258945304,24127811,3
3263253388,24127811,3
3264908461,309507255,3
3264908461,331376866,3
3266230939,19211550,3
3267121628,26487169,3
3267359448,26487169,3
326957730,3367987133,3
3270559782,779739206339928064,3
3276212370,471672239,3
3278831193,734886138326847491,3
3280229443,358545917,3
328266970,26487169,4
3282761569,26487169,3
3282761569,471672239,3
3283426488,111216929,4
3283629240,26487169,3
3283723057,16163639,3
3283723057,26487169,3
3284033108,459872442,3
328542104,471672239,3
3285693535,26487169,3
328576045,26487169,4
328659153,331376866,3
3286922574,26487169,4
32877719,16163639,3
3288362353,1618641848,3
3288362353,26487169,3
3290217551,109065990,3
329144723,26487169,3
3291910059,26487169,9
3294291206,111216929,3
32946026,26487169,3
3296515157,471672239,4
3296734251,199056422,5
3296734251,723121317596155904,3
3297022953,3297022953,8
3298490413,26487169,3
329872564,111216929,4
329880387,329880387,17
329939178,358545917,4
3301040332,39344374,3
3302447514,26487169,4
3303947876,761401522798333952,3
330487457,26487169,7
330487457,471672239,4
3307524787,4598517098,6
330759494,111216929,3
3308398352,236487888,4
3308915203,358545917,3
3308915203,438829074,4
3309130765,26487169,8
3309130765,471672239,3
3309295093,471672239,3
3309305760,471672239,4
3309884754,26487169,4
3309967506,721737068322271232,3
3310085629,471672239,3
331057915,192935052,3
331057915,285967672,5
3312186497,734886138326847491,3
3312644679,26487169,3
3313075368,109065990,4
3313075368,39344374,3
3313959727,471672239,4
3314529347,471672239,3
3317319301,1367531,3
33191848,358545917,4
33191848,4627222575,3
3319254798,471672239,3
3319389643,26487169,6
3321952723,358545917,6
3321952723,471672239,3
3322416832,471672239,4
3322642872,87229781,3
3325022811,26487169,4
3325543588,24127811,3
33270656,16163639,5
3329052733,471672239,3
3330125487,26487169,6
33381229,4761064634,3
333823882,26487169,7
33390366,16623835,3
33410754,393190233,3
3341481,192935052,3
3341481,331057915,6
3341525116,365118768,8
3343775427,2716396878,3
334672145,4761064634,3
3347181269,3347181269,3
3347181269,471672239,3
3347181269,999453985,3
334923393,16163639,3
335053862,335053862,3
33515320,24127811,3
3351788417,3383049855,3
335431998,875627605,4
335499722,1125937411,3
335499722,4761064634,3
335500784,14069721,10
335638169,111216929,4
335645986,18643437,3
33569976,16163639,4
33569976,26487169,4
335721343,26487169,4
3358431453,4584443975,3
3361775416,26487169,4
3365603529,24127811,4
3365929053,111216929,3
3373447595,16163639,3
3373787331,24127811,4
3375202551,358545917,3
3376781080,39344374,3
337856162,109065990,3
3383049855,358545917,3
3384385671,471672239,3
338567078,24127811,3
3390098350,43969372,3
3390324809,3390324809,3
3391185461,471672239,3
339194362,26487169,4
3392039289,236487888,5
3394601549,16163639,4
3395130700,3881869607,3
3395689149,26487169,3
339574363,24127811,3
33981571,26487169,5
33981571,438829074,5
33981571,90480218,3
3399851125,762863721370660864,3
3400009402,109065990,8
34001553,102862980,3
3401561813,830297994,3
3401903174,4761064634,3
3404732146,3111909523,3
34049518,4761064634,3
340534889,111216929,4
3405607821,15513604,4
3406085129,24127811,3
3407550015,358545917,3
3407890707,26487169,3
3408036279,16163639,5
3408199931,4761064634,3
3408577941,26487169,6
3408791968,18643437,3
3408791968,26487169,6
3409174167,3367987133,4
3409715445,3409715445,3
3410649923,26487169,3
3410689588,236487888,3
3410689588,26487169,4
3410689588,3410689588,3
3410689588,39344374,3
3410891445,3410891445,5
341127224,3387188439,6
3413212065,3284112337,4
3415038574,4761064634,3
3415287255,26487169,3
3416490233,1367531,3
3416490233,26487169,8
3416490233,471672239,4
3417755386,26487169,3
3418509185,24127811,4
3421045907,15513604,3
3421327821,236487888,3
3421327821,26487169,5
3424416333,26487169,5
3424653881,26487169,4
3425292893,26487169,3
3430537311,26487169,4
3430537311,4236806414,3
3430537311,471672239,3
3433504023,3340501694,4
3433800394,26487169,6
3435940588,358545917,4
3435940588,471672239,3
344058619,331057915,5
3440693962,26487169,3
3442013356,471672239,3
3443212698,26487169,3
3447337643,24127811,3
344918904,24127811,3
3449527579,24127811,3
345019341,16163639,4
3451152737,471672239,3
345343418,26487169,3
345451967,462104542,3
345451967,471672239,4
34605070,26487169,5
3462405673,471672239,3
3468586467,3408847582,3
3468586467,471672239,3
34701889,199056422,4
34715248,471672239,3
347627434,26487169,5
347627434,471672239,4
34842246,34842246,3
349114009,471672239,3
34926024,16163639,3
34955929,34955929,10
3496653913,3890933907,4
3497865853,26487169,7
3497865853,3383049855,3
3497865853,39344374,3
3497865853,471672239,3
3497865853,4761064634,3
3497865853,779739206339928064,3
3499636752,471672239,4
350129163,111216929,5
350129163,24127811,3
3507169515,471672239,3
35132551,471672239,4
3517723337,429229693,3
3517723337,4761064634,4
3528734117,466144416,4
352900778,358545917,4
35336511,111216929,4
3538733835,26487169,5
3540699975,374775473,3
35437505,126433539,3
35500378,18956073,3
3551147605,2534195028,3
3551147605,26487169,9
3551147605,3284112337,4
3551147605,466144416,5
355151947,26487169,4
356324005,109065990,4
356324005,15669672,3
356324005,26487169,5
3569696962,26487169,3
3570697343,3570697343,13
357112923,18557659,3
3572711957,732578156973068288,3
3575972834,16163639,3
357765984,471672239,3
358080767,16163639,9
3586652594,26487169,3
3589878313,26487169,3
359089492,2746979823,3
359524918,471672239,3
360141838,24127811,3
3604566509,26487169,3
36048950,26487169,3
360667233,26487169,3
360694503,16163639,8
3608463552,471672239,4
3609792558,111216929,3
3610245193,26487169,3
3610245193,471672239,4
36119530,471672239,4
361444464,471672239,3
361989594,26487169,3
362503598,26487169,4
36316589,462104542,3
3632561832,16163639,3
36370935,26487169,3
3637329082,358545917,3
363883148,1426219171,4
3639087436,26487169,3
364032315,4761064634,3
3640734136,26487169,9
3640734136,471672239,3
364298687,26487169,4
364380468,26487169,8
365109321,471672239,3
365168112,109065990,4
3651908234,471672239,4
3656737035,14669951,4
3664925599,26487169,4
36700664,550708707,3
3672940045,26487169,4
3678420496,26487169,6
3678420496,471672239,4
3685247237,3685247237,7
3691724716,471672239,3
369292117,24127811,4
369292654,26487169,3
369484955,14069721,3
36959190,471672239,3
3699375376,26487169,4
37040459,471672239,3
371072641,24127811,12
371072641,26487169,5
37113455,26487169,3
3711377115,26487169,5
3717452056,236487888,3
3719994193,24127811,4
3720761353,26487169,3
37266969,2733816872,4
373011154,16163639,4
373011154,26487169,3
373157754,2667857126,5
3731667975,26487169,7
3731667975,3367987133,4
3733116913,3383049855,3
3734120892,438829074,8
373593476,471672239,3
3739067240,26487169,5
373938490,26487169,3
373938490,471672239,3
373938490,4855687055,3
3740933056,26487169,8
374138602,374138602,7
374226275,26487169,5
3744122597,26487169,7
374549560,374549560,3
37470180,26487169,3
374826129,24127811,4
374826129,2461452080,3
3757015887,438829074,4
3757015887,710738910725275648,6
375943181,358545917,3
376531194,26487169,5
376876772,110213124,3
3774929113,16163639,4
378175619,4761064634,4
378675714,111216929,3
378705132,24127811,3
3788511796,3788511796,10
3795292154,24127811,4
379869831,111216929,4
3800043494,26487169,4
38012558,16163639,13
38012558,26487169,5
38012558,358545917,3
38022781,26487169,9
380674967,26487169,3
380704594,26487169,3
3807282738,199056422,4
381858912,4870642869,3
3835176261,3835176261,26
3837262032,3383049855,4
3838126534,985572746,3
384005220,26487169,3
384094961,358545917,5
384094961,783114170644303872,3
3841058056,24127811,3
384118837,2534195028,3
38415042,2733816872,6
38422859,331376866,5
384293053,407490941,3
3843640245,3284112337,3
384538391,26487169,3
3846093279,26487169,4
3848820318,374775473,3
3854255787,3383049855,4
385703793,471672239,3
3865675754,779739206339928064,3
3866369175,3890933907,4
387067647,777879358451093504,3
3874903875,24127811,4
3876731894,3876731894,4
3878109028,358545917,4
387813577,358545917,3
3883769178,3284112337,3
3886015993,2461452080,3
3886099279,26487169,3
3886099279,358545917,3
3886099279,718056742962073601,3
3886184593,26487169,3
3886241233,26487169,4
3886241233,471672239,4
3892526116,779739206339928064,3
389486216,109065990,5
3896298147,471672239,4
389657070,358545917,3
3900268108,734886138326847491,4
390146596,26487169,3
390146596,471672239,3
39017735,358545917,3
391110906,18643437,3
391259816,109065990,3
391319223,26487169,5
3914047581,471672239,4
391497091,2534195028,4
39155108,26487169,3
3919134861,26487169,3
3923762177,2753220014,3
3928500439,24127811,3
393048573,471672239,3
393162108,466144416,4
3932948237,4761064634,3
3934213452,710990834972233728,3
3936603020,26487169,4
394379881,26487169,3
3946365557,24127811,3
3947091915,3387188439,5
3947278757,471672239,3
3949845803,3367987133,5
3949845803,462104542,4
3950299215,26487169,7
3950832315,98967516,3
3950851582,3950851582,3
3951026057,718056742962073601,3
3951163695,471672239,3
3951629363,471672239,3
3951682217,26487169,3
3951759562,471672239,3
39526741,459872442,4
395476407,26487169,5
3955451301,111216929,3
3956394554,26487169,4
3959778976,3570697343,3
3959778976,66054233,3
3961106899,45641358,3
3961244363,2746979823,4
396198196,358545917,3
396231754,3284112337,3
396231754,4698013082,3
3964410253,109065990,3
39678501,26487169,4
39755667,358545917,3
3976085120,24127811,3
398160547,24127811,4
398433203,24127811,5
39890009,358545917,3
3989262431,26487169,3
399745111,3408847582,3
3997870336,4761064634,3
39981309,26487169,3
400111047,471672239,3
400244959,26487169,4
4002449655,26487169,3
40047146,3890933907,18
4006650737,4761064634,3
400882554,24127811,3
4009886297,1367531,3
4009886297,15513604,3
401080387,16163639,3
4012078510,2534195028,3
401657173,2255983068,4
401657173,26487169,4
401748480,26487169,5
4017521301,16163639,5
4019044937,4019044937,3
4021377861,436594025,3
40277679,110213124,3
40290737,26487169,3
4030559243,18643437,3
4030559243,471672239,3
40325091,358545917,3
40325091,4761064634,3
40326161,24127811,3
40334543,26487169,5
40334543,471672239,4
4040707780,26487169,5
4040707780,471672239,3
404334121,111216929,4
404459059,166100601,3
404463989,26487169,3
4046491581,109065990,4
405066164,471672239,4
4057854497,471672239,3
405959355,26487169,3
405962141,26487169,3
40616862,26487169,3
4064331736,3570697343,4
4064331736,4738204860,6
406686940,16163639,3
406686940,358545917,3
4068198615,4074814018,3
407490941,407490941,4
4076935702,3383049855,3
4077347483,471672239,4
408590976,109065990,3
4086580156,4086580156,3
409430647,409430647,4
40943744,342942805,3
409503621,24127811,12
40988391,26487169,3
40991765,130496027,3
4101682175,16163639,3
41063452,16163639,3
411626852,358545917,3
413208398,3111909523,3
413765264,26487169,4
413894910,2534195028,5
413894910,471672239,3
4142593048,471672239,4
4145098165,111216929,3
4145603123,26487169,4
4145603123,471672239,4
41458112,471672239,3
414857304,236487888,3
415175014,236487888,6
415725818,358545917,3
415725818,438829074,5
41584867,3383049855,3
4163792778,26487169,8
4163792778,358545917,3
4163792778,471672239,3
4164429193,111216929,3
4166714621,3911057572,3
416714410,26487169,3
4171684919,26487169,6
41749416,111216929,3
417497777,4761064634,4
41758974,459872442,3
4179814341,462104542,3
4182688875,466144416,3
4189063032,471672239,3
419228673,18643437,3
4193942273,358545917,3
419429445,894097136,5
4196436912,26487169,4
4196754560,16163639,3
420502656,26487169,4
420502656,358545917,3
420502656,704426952820535296,3
4214317126,2534195028,3
42284908,710990834972233728,3
423010133,26487169,6
4230384973,16163639,7
4230384973,26487169,5
4230384973,358545917,3
42327529,26487169,3
4234882707,1499268588,4
4234882707,26487169,4
4235632753,4235632753,3
4237561584,2753220014,3
4237563432,358545917,3
4239434446,26487169,5
4239434446,471672239,3
424256116,16244449,3
42502437,466144416,5
425125521,24127811,3
4251850093,26487169,4
4260601546,24127811,5
4260720134,26487169,3
4260720134,471672239,3
426200440,2733816872,3
426290352,3911057572,12
426318954,471672239,3
4265514193,16163639,3
4266369741,26487169,4
4267265183,4267265183,3
4268991619,26487169,3
4270517292,471672239,4
427495215,79745758,5
42769580,26487169,4
427872143,471672239,4
4279395148,18545481,4
428025955,137777900,3
4280482340,26487169,6
4281863501,3284112337,3
428224490,753255861439520768,3
4283417893,24127811,4
42926101,604940737,3
429429068,471672239,3
4294596374,26487169,3
4298123908,2534195028,3
4298123908,3284112337,3
429978726,26487169,3
43012783,18643437,3
43012783,705333567543504896,3
4304419334,4304419334,4
4307533814,50836292,3
430971306,4761064634,4
431243129,471672239,3
431312488,26487169,6
43181625,471672239,3
431917957,471672239,3
431917957,708098284473204736,4
431917957,783114170644303872,3
43245054,331057915,4
4324657154,4761064634,3
433703539,66054233,3
4342659921,585651074,3
4346098152,471672239,3
43508994,358545917,3
4350900315,26487169,3
4362795376,26487169,4
436360631,272114651,3
436594025,436594025,12
436928552,26487169,3
438013425,24127811,3
438051476,466144416,3
43886269,111216929,3
43948670,471672239,3
441158172,3284112337,3
441158172,4761064634,3
4412137636,3367987133,6
4412137636,358545917,4
4421492243,26487169,7
4421492243,3367987133,7
4421492243,471672239,4
4422984375,26487169,4
4422984375,3367987133,6
4429461077,26487169,3
4430503527,1548975014,3
4430503527,272114651,3
4430503527,708098284473204736,4
4430503527,783114170644303872,3
4438433114,26487169,4
444002591,22719849,4
4443655752,26487169,3
4445570548,26487169,4
44542844,236487888,5
4459753935,26487169,3
4464795880,26487169,5
4464795880,39344374,3
4468874174,49424542,4
4476428301,2534195028,4
448092566,734203266964295680,3
4481114002,1697365488,3
448510528,358545917,5
448510528,438829074,3
4490483835,4490483835,4
4497975453,16163639,3
4499591421,471672239,4
450171502,3387188439,3
4504753632,26487169,5
4512429620,26487169,11
451491354,26487169,3
45154341,109065990,4
45154341,14505245,5
4516076294,26487169,3
4516746447,471672239,3
45208226,109065990,4
4521330855,18380551,7
45253608,466144416,3
4533072494,358545917,3
453638875,471672239,3
4541306123,111216929,3
454515349,752251851295174656,3
45507382,111216929,3
455081148,455081148,7
4558261653,3890933907,11
456333369,884024311,4
45647641,24127811,4
4567491501,466144416,3
4584772713,4584772713,5
458709872,109065990,4
45951402,358545917,3
459612537,16163639,9
459612537,26487169,3
459612537,3383049855,4
4598517098,4598517098,6
4609839138,205644304,3
46121931,331057915,3
4618084100,236487888,3
462570323,26487169,4
46260456,26487169,5
463464452,358545917,3
4635596660,87229781,3
4649106135,109065990,3
4655360417,239760871,3
4660013206,26487169,3
466109180,26487169,5
466114522,358545917,3
466123593,236487888,3
466144416,466144416,8
4661661853,393190233,3
466217337,111216929,3
46741795,236487888,3
467955084,26487169,7
4687162639,745495346315309057,3
4687760371,16163639,3
468928993,26487169,3
468956703,26487169,3
469086244,15669672,3
469086244,18643437,4
46916472,130496027,3
4693602139,2461452080,3
4696023295,26487169,3
4696541605,4262146367,4
4697250193,26487169,4
4698013082,471672239,3
469808833,26487169,4
469808833,471672239,4
469816425,3233109207,3
4698996900,26487169,4
4698996900,471672239,3
4699293522,471672239,3
4700477725,358545917,5
4700477725,4855880189,3
4700477725,574915137,4
4716475529,187215601,5
4720378829,4720378829,14
47261104,1558510549,3
4726260439,3890933907,4
472653951,26487169,3
4729637907,438829074,3
4729714512,3890933907,3
4731209658,358545917,3
4731209658,438829074,4
4735176079,16163639,4
4735176079,438829074,6
47432229,374775473,3
474450287,110213124,3
4745483714,471672239,3
47482681,24127811,3
4751156820,26487169,3
4751570748,4780854029,4
47534597,26487169,3
475690797,3284112337,3
4757985865,26487169,3
4761064634,4761064634,23
4761064634,779739206339928064,3
4761324133,26487169,3
4765014254,111216929,3
4765070485,24127811,6
47697376,26487169,6
476995113,15669672,3
47792401,3284112337,4
47792401,4761064634,3
478190800,26487169,3
47841147,26487169,3
4784855425,14515799,9
47874876,394260665,4
47874876,4503128412,11
47874876,747354630888235008,11
4789906767,471672239,3
479199117,24127811,5
47925659,471672239,3
4795196058,783114170644303872,3
479604138,17007782,7
479604138,18071473,3
4799702183,716975907060195328,4
4803630864,26487169,3
480500298,26487169,5
48066646,884024311,3
4807306582,24716002,4
4813881008,4553803392,5
4817119207,358545917,3
481972015,884024311,3
4821375853,574915137,5
4821920832,26487169,7
4821920832,358545917,3
4821920832,471672239,3
4822039626,26487169,6
48223373,438829074,3
4822750516,471672239,3
482319564,111216929,4
4824422625,4870642869,4
4826510725,2270517973,3
4826510725,26487169,8
4826510725,4826510725,7
4826912636,4236806414,3
4826912636,54065567,3
4826912636,779739206339928064,3
4827451242,26487169,6
4828288743,18643437,3
4828461104,358545917,4
482933199,471672239,3
4830482521,721737068322271232,5
4831637882,26487169,3
4832370263,471672239,3
4835421670,26487169,5
4835421670,3383049855,5
4835568794,26487169,3
4839710530,93295809,8
4839750759,358545917,5
4840244240,26487169,4
4840244240,3383049855,5
4840342132,4840342132,9
4840493313,16163639,4
4842405982,3367987133,3
4842547951,130496027,3
484392100,26487169,6
484477723,15669672,3
484477723,272114651,3
484477723,708098284473204736,3
4848473285,26487169,3
4851343726,471672239,3
4851681461,26487169,4
4851730959,16163639,5
4851730959,24127811,7
4851826737,4074814018,3
4852473305,26487169,11
4852473305,471672239,3
485317023,26487169,4
4853583291,471672239,3
4853736042,519216193,3
4854399704,26487169,3
4854399704,471672239,3
4854732196,24127811,3
4854853970,24127811,3
4855104794,471672239,3
4855439824,471672239,3
4855587569,109065990,4
4855587569,471672239,3
4855687055,1499268588,3
4855687055,15995652,3
4855687055,4855687055,74
4855687055,769453879306162176,3
4856166765,471672239,3
4857682107,18643437,3
4857682107,471672239,3
4858017897,26487169,3
4858947569,4761064634,3
485960927,26487169,3
4860394491,438829074,4
4861751910,519216193,5
486205523,26487169,3
486205523,471672239,3
4864056067,471672239,4
4864402683,24127811,13
4865796322,2534195028,4
486882714,26487169,5
4870772656,26487169,4
4871096265,111642101,3
4871960676,236487888,3
4871992311,471672239,4
4872095711,471672239,3
4872131123,24127811,10
4872545033,26487169,3
4873947553,26487169,4
4875129611,4875129611,4
48776482,331057915,8
4879865781,26487169,6
4879865781,3284112337,4
4882757247,26487169,3
4883584173,26487169,3
4883801255,26487169,6
4884913213,49240542,6
4885097979,471672239,3
488543818,26487169,5
4886213447,4761064634,4
4886380750,3383049855,3
48866739,26487169,10
48866739,358545917,6
4886708955,3139898299,4
4889784711,18643437,3
4889784711,358545917,5
4889784711,39344374,3
4895353953,236487888,4
4895910451,24127811,3
4898400250,2534195028,3
4898400250,26487169,7
4898400250,3284112337,4
4898400250,471672239,4
4901201023,4780854029,3
490179072,471672239,3
4905645177,16163639,5
4906718786,358545917,5
4906918580,2534195028,4
4906918580,3284112337,3
4906918580,3914047581,6
4908724512,4908724512,8
49099638,358545917,3
4910378597,16163639,3
4910378597,471672239,4
491046083,4761064634,3
4911314093,39344374,3
4911361640,26487169,3
491748291,26487169,5
491748291,358545917,4
491748291,43969372,11
4919649603,3284112337,3
4921629861,3383049855,3
4925767476,111216929,4
493139231,26487169,4
493185954,16163639,4
493185954,26487169,4
49335376,49335376,3
493926139,26487169,3
495602226,24127811,3
49561002,26487169,3
496148442,358545917,4
49741096,24127811,3
498007394,26487169,4
498007394,3367987133,4
498007394,471672239,3
498007394,4870642869,3
498065893,358545917,3
49817093,130496027,3
49886799,714908382725996546,3
499815801,14069721,4
500034180,26487169,3
50009801,24127811,3
500240347,16163639,3
500240347,24127811,5
500240347,26487169,3
500240347,358545917,6
500364973,4761064634,3
501052337,358545917,5
501459864,43969372,3
50228468,55312746,3
50322571,49698134,3
503308612,26487169,4
503308612,39344374,3
503308612,471672239,3
504129552,24127811,4
50484213,24127811,5
50484213,26487169,4
505118761,26487169,3
507877806,47451496,4
508783323,471672239,3
50927030,26487169,3
512559415,4761064634,3
513772050,16163639,4
513772050,236487888,3
513873998,192091856,4
513873998,26487169,4
513873998,471672239,3
514639148,109065990,3
51570539,358545917,3
517022181,3284112337,3
518375650,109065990,4
518399661,236487888,3
518948532,26487169,5
518948532,779739206339928064,3
51967388,471672239,3
520479710,18643437,3
520479710,358545917,6
520556809,24127811,3
522482557,26487169,5
52313226,331057915,21
524901955,24127811,10
525636026,16163639,5
525726943,358545917,3
525781567,26487169,4
525884669,466144416,3
528574374,471672239,3
530903891,19211550,3
530903891,26487169,5
53119816,45190383,4
531475091,4761064634,3
531482624,471672239,3
531497189,26487169,3
531565758,16163639,10
531565758,18176907,3
531565758,24127811,4
531565758,90480218,4
531649280,109065990,3
532513408,471672239,3
534516052,111216929,3
535998595,111216929,4
536503190,26487169,5
538481859,26487169,3
540224975,26487169,4
540348443,24127811,4
540553659,26487169,4
541198983,471672239,3
541472368,4761064634,3
541833926,236487888,10
541833926,471672239,4
541902518,24127811,3
542047708,2992357336,3
54233083,26487169,4
542400979,111216929,8
54271220,26487169,4
542918338,2746979823,3
542997188,26487169,3
543028480,3890933907,3
544558810,15513604,3
544589549,26487169,8
54600895,236487888,3
54661743,459872442,7
548462015,26487169,3
548462015,3284112337,3
54935632,26487169,4
550139275,11866582,3
550529872,24127811,3
55074692,471672239,4
551335832,471672239,3
552335271,829735580,3
55310647,24127811,4
55312746,55312746,10
55312746,742749379623165955,8
553991829,109065990,3
554273349,884024311,3
555373277,429229693,4
557468072,331376866,3
557848699,2534195028,3
558430987,705551641181863936,4
558635692,26487169,3
559645321,199056422,3
559969624,559969624,9
56037463,56037463,6
56038149,111216929,3
560796972,26487169,9
560796972,39344374,3
560796972,471672239,4
562210783,26487169,5
56249795,56037463,8
562574718,471672239,3
563330983,26487169,3
563997163,26487169,6
563997163,3383049855,3
563997163,471672239,4
563997163,563997163,4
565112744,471672239,3
56520458,112902058,3
566936555,471672239,3
56722736,459872442,3
567441660,79745758,3
567841401,26487169,4
570224711,471672239,4
57200416,2534195028,3
573053124,26487169,8
573053124,39344374,3
573053124,471672239,3
573649780,16163639,4
573649780,19211550,3
573649780,358545917,6
57410167,26487169,6
574176573,148291255,4
574374558,26487169,3
574915137,574915137,17
574915137,64595461,4
57655062,26487169,3
576870018,26487169,4
579661604,358545917,7
581898234,471672239,3
582158348,24127811,3
58246576,26487169,3
582562920,109065990,5
583122991,3326947147,4
583252309,438829074,5
583252309,466144416,3
58371104,358545917,3
587783109,24127811,4
58823342,26487169,3
588617041,16163639,3
58869220,122455671,3
58869220,14669951,3
58869220,26487169,4
58869220,471672239,8
58869220,715507162764689408,4
58869220,748556263055835136,3
59034611,111216929,3
590377707,330729127,3
59141515,26487169,3
59141515,779739206339928064,4
591505507,16163639,3
591505507,358545917,3
592871551,26487169,3
592871551,471672239,3
593726287,471672239,3
59541841,3284112337,3
59593456,236487888,5
59926008,24127811,3
599445694,16888374,3
599445694,174770559,3
599445694,4870642869,3
600581533,24127811,8
60077550,26487169,3
600865128,16163639,4
600865128,358545917,6
603192171,429229693,3
603758566,710990834972233728,3
604115899,26487169,4
604115899,39344374,3
604115899,471672239,7
60448759,471672239,3
605963171,2461452080,3
60893069,26487169,7
60893069,60893069,4
60985267,25320639,3
61015562,61015562,5
612197548,24127811,13
612785431,779739206339928064,3
61292472,110213124,6
613703460,236487888,4
615511449,111216929,3
617437197,431917957,3
618738927,26487169,4
620640900,24127811,6
620640900,438829074,3
620640900,611986351,3
62312112,49698134,3
623258004,2534195028,3
62493973,26487169,5
625640550,26487169,11
625640550,358545917,4
625640550,471672239,3
62835123,471672239,3
628789551,3284112337,5
630659946,26487169,3
630659946,471672239,3
63357527,26487169,10
634001152,25073877,3
634127491,331376866,5
634981299,604940737,4
635090589,111216929,3
635090589,4890462791,3
636732886,111216929,6
63843485,26487169,4
63972356,26487169,3
64357440,26487169,3
64487506,26487169,4
64595461,471672239,3
65075709,358545917,4
65484730,24127811,12
65484730,65484730,3
65572289,24127811,3
66054233,66054233,3
66598468,66598468,4
66748464,35511525,3
67074262,24127811,6
67074262,66533920,4
67514697,26487169,3
67514697,721737068322271232,3
67514751,358545917,3
67595149,466144416,3
67765647,26487169,4
68166416,934785902,3
68889823,26487169,4
68892218,26487169,3
69053,111216929,4
69190453,393190233,3
694942211834798080,24127811,10
69585681,4761064634,3
699750351218593793,26487169,7
700404424242364416,4780854029,4
70053704,4584443975,3
700661366064095232,700661366064095232,3
700687899,26487169,3
700760229051379713,26487169,4
701044608713695233,26487169,3
701191479654481923,3284112337,3
701191479654481923,471672239,3
701192223283503104,4761064634,3
701253999228354560,26487169,12
701280249334476801,2534195028,3
701280249334476801,466144416,4
701915942436077568,701915942436077568,9
702313144346017792,2534195028,3
702313144346017792,471672239,3
702341203078070272,26487169,4
702396709297635329,26487169,3
702465173919956992,702465173919956992,5
702649250027536385,26487169,4
70268834,109065990,3
702864948691607552,4761064634,3
702874160528121856,26487169,3
702895208497856512,471672239,3
702918648927641600,466144416,3
702963029521076224,277792122,3
703001594007130112,24127811,11
703075064514682880,3914047581,3
703247602381418496,703247602381418496,3
703249639479316480,703249639479316480,3
703317145200025600,26487169,3
703405470195658753,26487169,3
703568996851777536,19173608,3
703568996851777536,26487169,3
703568996851777536,4761064634,3
703650526844620800,26487169,5
703700133742034946,26487169,3
703701473855721472,2288462990,3
703726712870178816,111216929,3
703774605044011008,26487169,5
703820352086999040,2534195028,4
703971353351696384,767533577407987712,3
704001287356968961,3317212730,3
704003885850095616,471672239,3
704023523497517056,3284112337,3
704037936912855043,24127811,4
704055159043678208,471672239,3
704080138791731201,26487169,3
704088125,14505245,3
704094904595705857,471672239,4
704426952820535296,704426952820535296,52
704501039605616640,26487169,3
704632808329895936,1403108310,3
704632808329895936,278658252,198
704684786397421568,24127811,4
704696943771975681,24127811,5
705070447893876737,26487169,4
705088588166393856,393190233,3
705118576710172673,26487169,5
705178588723683328,26487169,7
705188226827333632,705188226827333632,9
705188810921943041,16163639,3
705189196680568834,26487169,3
705224346185408512,26487169,3
705281954170556417,26487169,4
705333567543504896,705333567543504896,3
705425631501271041,26487169,5
705454296154796032,111216929,3
705466391827128321,199056422,3
705517289320423426,26487169,3
705549799391559681,705549799391559681,5
705552616315494400,26487169,6
705552616315494400,32058824,4
705552616315494400,347627434,4
705557649950056449,16163639,10
705557649950056449,24127811,4
705557649950056449,358545917,4
705583838328541184,26487169,4
705590214157271040,26487169,3
705610066339241984,26487169,5
705613887421288448,459872442,3
705623408709505026,111216929,5
705674442412793856,2534195028,3
705674442412793856,26487169,4
705829302399475712,109065990,3
705852089746862080,722942823847170048,3
705870770308644864,26487169,3
705881346,236487888,4
705936590204510208,26487169,3
705936590204510208,471672239,4
705952419117551616,26487169,3
706068592580804610,471672239,3
706186209949712384,722942823847170048,3
706186365919080448,26487169,3
706189400829513728,358545917,3
706199418358382592,706199418358382592,3
706207022941868033,24127811,5
706209304378896384,111216929,3
706250312810684418,706250312810684418,3
706295563847929856,24127811,4
706320650894495744,26487169,3
706357192220405760,3367987133,5
706515356660199425,236487888,4
706520222572744704,471672239,3
706542798724444160,24127811,11
706542798724444160,66533920,3
706570628929708033,4761064634,3
706714132762918912,26487169,5
706848612727328768,2746979823,3
706896852176621568,358545917,3
707025944389681152,26487169,4
707253890299744256,471672239,3
707262499066785793,358545917,3
707282012608925696,4761064634,3
707310778055929856,26487169,3
707407405739474948,471672239,3
70751132,16163639,3
70752796,111216929,3
707705933804269570,26487169,3
707751140629344256,471672239,3
708073528680124416,471672239,3
708098284473204736,708098284473204736,3
708116652320116736,358545917,3
708118382193676289,26487169,3
708118382193676289,3111909523,3
708300644487016448,3284112337,3
708448943412109312,2534195028,3
708448943412109312,471672239,3
708697738418987008,471672239,4
708801212024557568,708801212024557568,5
709270528339501057,26487169,4
709270528339501057,471672239,4
709383313983725568,4761064634,3
709388303603245056,3383049855,4
709479371380097024,272114651,3
709512776818008065,2574956743,3
709606293623844864,26487169,5
709789026123911168,26487169,5
709928696291811329,3284112337,3
709973837,275276082,3
709973837,358545917,3
710088641243123712,2242085304,3
710212680078983168,26487169,13
710520904871239681,471672239,3
710553234654367744,710553234654367744,3
710786236273840128,466144416,3
710829156624420864,3284112337,4
710829156624420864,4236806414,4
710829156624420864,471672239,4
710829156624420864,758652815996776448,5
710873370255106048,707231479047315456,3
710879893584654336,26487169,4
710903460934254592,471672239,3
710907035441881088,3383049855,3
711031138173587456,711031138173587456,3
711152749988040704,711152749988040704,8
711249489881927680,26487169,7
711287276479754241,24127811,5
711294198977318913,4761064634,3
711305198421946368,26487169,6
711305198421946368,3284112337,3
711305198421946368,347627434,3
711338816582324224,26487169,3
711349816110895104,3890933907,3
711355959608614912,358545917,3
711362547262361604,711362547262361604,39
711368248848211968,26487169,4
711382079423041537,16163639,4
711445316118126592,3890933907,3
711576455306743808,26487169,3
711593583644545024,776865331851649024,3
711754742829944834,16163639,3
711754742829944834,26487169,6
711754742829944834,429229693,5
711950561097048067,26487169,3
712062675195269120,26487169,3
712396720148099072,26487169,3
712401980296196101,471672239,3
712425547977125888,26487169,3
712552463174393856,24127811,7
712736810661765120,2733816872,7
71275340,26487169,3
712778286544326656,26487169,3
712790533660352512,744640819240411136,4
712976695,26487169,3
712976695,272114651,3
713067891042615296,358545917,3
713099392501227521,24127811,5
713351264508227584,3890933907,3
713432968224763904,26487169,4
713469726488465410,438829074,4
713478051720343552,16163639,5
713583198026997760,278658252,8
713583198026997760,471672239,3
71384704,16163639,7
71384704,24127811,4
713857567898910720,471672239,3
713973252109021185,111216929,3
714099594813181952,358545917,3
714115470731784192,3284112337,3
714235834463981568,26487169,3
714235834463981568,710738910725275648,3
714251785183977472,24127811,3
714572211298897921,26487169,4
714575249128423424,714575249128423424,15
714633790749077505,26487169,3
714633790749077505,358545917,3
714887712600432640,438829074,3
714943919717396480,16163639,5
714947334,26487169,4
714985182315450368,26487169,3
714985182315450368,471672239,3
715044396,24127811,3
715044396,358545917,3
715198069575327744,715198069575327744,39
715209504493842433,26487169,4
715246427530600449,111216929,4
715351137050710016,26487169,8
715434592925270017,109065990,3
715656934683095041,715198069575327744,3
715981182375223296,2847898283,4
716156428289847296,26487169,6
716312003283787776,734203266964295680,3
716343331,777879358451093504,4
716408971175694336,26487169,3
716418153232908288,2255983068,36
716418247579549696,2751618611,3
716418247579549696,4870642869,7
716418247579549696,733776663708901376,3
716418247579549696,734062356339302400,5
716418247579549696,784825705099956224,3
716500433145966592,26487169,5
716500433145966592,272114651,3
716500433145966592,3914047581,4
716767065890103296,16163639,3
717070029334798336,16163639,6
717080381153894400,18643437,3
717243036,148291255,3
717469170460442626,24127811,3
717766928698253314,2288462990,7
717996161223634944,24127811,5
718091657594421248,26487169,8
718501532203905026,358545917,3
71862569,14505245,3
71862569,3284112337,3
718634951776665600,3890933907,6
718794534579257344,4698013082,4
71892401,26487169,3
718978155327803392,122455671,5
719271649388797952,26487169,3
719276718771412992,26487169,3
719405799521386496,4598517098,6
719548547624861696,109065990,3
719594033752993792,26487169,3
719913518842126336,26487169,4
719965357755138048,471672239,3
720008230412410885,707278892801765377,3
720008230412410885,720008230412410885,7
720288977773694976,3914047581,3
720329131049627648,24127811,4
720559822857486336,26487169,3
720559822857486336,3284112337,3
720559822857486336,3383049855,6
720650605,471672239,4
720720437852803072,109065990,4
720763573387927552,4761064634,3
720933708,720933708,3
721185144,884024311,3
72132436,72132436,6
721737068322271232,2223706189,3
721737068322271232,721737068322271232,41
721992744210550784,279390084,3
722166211115491328,3284112337,3
722481281653673984,466144416,5
722589401822470144,4761064634,3
722977389542707202,23031094,3
724018505134149632,4598517098,3
724237308250185728,3958327401,3
72426152,358545917,5
724315967644295168,2255983068,3
72445782,26487169,7
724477412310847488,471672239,7
725057007967936514,192091856,8
725064846056640512,471672239,4
725076888561979393,358545917,4
725426968888397824,24127811,5
725426968888397824,358545917,4
72577362,4738204860,4
725776399139770368,471672239,3
725787181084594177,707775218643652612,11
725809806095859714,272114651,4
726137975264825345,148291255,4
726236936038440960,26487169,5
726759926320623616,111216929,3
726829962293055488,87229781,3
726865206530347008,26487169,3
727288195939889152,4761064634,3
727472528,18089606,5
727528521980121088,727528521980121088,3
727624715519578112,39344374,3
727701926544969728,18393418,3
728438127119851522,721737068322271232,3
728438127119851522,728438127119851522,4
728598282386198528,471672239,3
728616248439939072,26487169,3
728616248439939072,3284112337,3
728616248439939072,471672239,4
728782203706953735,358545917,3
728820248355332096,728820248355332096,4
729022640313106432,729022640313106432,10
729453298600681472,358545917,7
729605804,471672239,3
729795199497461760,26487169,3
729815811012038657,471672239,4
729866734815993856,26487169,3
729980718798000129,582140844,5
730082931117461504,111216929,3
730268856577466368,26487169,3
730448238998786048,4851276082,3
730448238998786048,779739206339928064,3
730763692007002112,3284112337,7
730865469062680577,358545917,3
730873015269883904,130496027,3
731195365408407552,2534195028,3
731212003361050625,731212003361050625,8
731274479003959296,26487169,5
731299073295142913,111216929,4
731611059774070784,438829074,4
73163090,16163639,4
73163090,26487169,3
731869622434029568,26487169,3
731869622434029568,3914047581,3
732012116,80082384,3
732029704652259328,26487169,3
732462837071642624,24127811,6
732681446444433408,111216929,3
732690243707535360,331376866,4
732980827,347627434,3
733119134641201152,26487169,3
733421930712162306,733421930712162306,5
733483627355328512,26487169,3
733483627355328512,709560846163296257,5
733673281002311682,4761064634,3
733733770680016901,746875038901633024,3
733776663708901376,111216929,9
733795265413545986,26487169,3
733795265413545986,471672239,4
733860272260055040,718056742962073601,3
733866462796877824,148291255,6
733866462796877824,26487169,3
733866462796877824,358545917,3
733866462796877824,471672239,3
733920601,733920601,4
734168909553766405,718056742962073601,4
734192410264096768,734192410264096768,3
734705685284282370,26487169,7
734706090852659200,111216929,5
735148471376830464,750868791752593408,3
735148471376830464,772891119424331776,5
735349460901978112,732779507506020352,4
735542911132110849,471672239,4
735880227486715904,26487169,3
735880227486715904,471672239,4
736664723505086464,26487169,3
736664723505086464,3914047581,3
736707178535358466,16163639,3
736847435314528256,722942823847170048,9
737100147818008576,16163639,3
737429665585856512,737429665585856512,4
737509724,236487888,3
738076293875433473,26487169,5
738187269417406465,26487169,3
738394794951467008,26487169,4
738509183952113664,4761064634,4
738509183952113664,820683806,3
738712955706085377,26487169,4
738759178139770880,20508720,3
738955727339986944,438829074,3
739064956453150721,739064956453150721,4
739315741,26487169,3
739607592,24127811,7
739612517039628288,471672239,3
739947371958808577,900355423,4
740307162665254912,740307162665254912,3
740358125392408576,26487169,4
740379906974978049,26487169,3
740401579556212736,466144416,3
740579098783850496,26487169,3
740685877400244225,740685877400244225,3
740755127330447361,111216929,3
740871504334721024,109065990,5
740994680981204992,111216929,3
741010128904847365,14505245,3
741014536103301121,741014536103301121,33
741014536103301121,770029545642754048,17
741057727338848256,24127811,3
741085101816205312,26487169,3
741085101816205312,741085101816205312,3
741141699561435136,3284112337,3
741393440856903681,26487169,10
741393440856903681,471672239,4
741393440856903681,50769180,3
741779779,3914047581,3
742034642858070017,471672239,3
742043212144095232,26487169,3
742137549263536128,742137549263536128,3
742181053599645696,721737068322271232,4
742349413356474368,26487169,4
74236071,358545917,3
742424902456594432,26487169,3
742597581017128964,14505245,3
742691663693381632,471672239,3
742749379623165955,742749379623165955,3
742914907541274624,358545917,3
743125492224626689,14669951,3
743186109258141696,18643437,3
743186109258141696,358545917,3
743238786813992960,777879358451093504,8
744338263012343808,775113163931054080,4
744367703511572480,24127811,5
744815235106643968,744815235106643968,3
744950188557615104,26487169,4
744950188557615104,462104542,3
74498666,24127811,4
745043754608959488,109065990,3
745210315,471672239,3
745300690524790785,745300690524790785,7
745414485637201921,3367987133,5
745425522,26487169,3
745462603812462592,109065990,3
74565668,26487169,8
745852214493777920,778257194076831744,3
746198124515860481,746198124515860481,3
746199929995988993,26487169,4
746199929995988993,3284112337,3
746345581120004096,714251785183977472,3
746394045878984705,471672239,4
74662993,74662993,4
746723082837057537,471672239,4
746758787436994560,16163639,4
746758787436994560,358545917,4
746772082155995136,26487169,4
746827131859181568,3284112337,3
746840006531092481,16163639,9
746840006531092481,24127811,5
746840006531092481,358545917,5
746840006531092481,438829074,8
746907589967896577,3387188439,3
746907589967896577,4855687055,3
747144457741606912,4761064634,3
747354630888235008,747354630888235008,7
748253412064636928,1367531,3
748253412064636928,26487169,7
748253412064636928,3284112337,5
748253412064636928,471672239,3
748350314894417920,3284112337,3
748350314894417920,471672239,3
748561786023051264,148291255,9
749054038851805184,471672239,3
749125675668348929,26487169,3
749125675668348929,277792122,3
749125675668348929,301656286,3
749455671918297088,26487169,4
749680857061986304,111216929,4
75020778,26487169,3
750355005358501888,750355005358501888,3
750377949065535488,1548975014,3
750417311744421888,26487169,5
750417311744421888,471672239,3
750518836890247168,707775609104113665,4
750750607443685377,750750607443685377,10
750776657523408896,1100110422,3
750776657523408896,26487169,7
750868791752593408,750868791752593408,106
751116997,26487169,4
751204406197153792,4761064634,3
751286534385524736,358545917,3
751482508798103553,471672239,3
751846050906845185,374775473,4
751996334,3284112337,4
751996334,3395964711,3
751996334,471672239,3
752554272433188864,148291255,3
752707728313843712,26487169,4
752707728313843712,471672239,4
752722556789067776,3284112337,3
752841114336493568,2746979823,4
753097999878873088,111216929,6
753205987,4738204860,3
753447939033423873,3914047581,5
753466388,471672239,3
753668889712570369,3284112337,4
753673619708882944,26487169,5
753673619708882944,3367987133,4
753673619708882944,358545917,3
753673619708882944,471672239,3
753728205387862019,26487169,9
753910825396469760,18643437,3
753966845171040258,471672239,3
753971905,90480218,3
754008826446249984,705229345745276928,4
754021502375395328,754021502375395328,4
754119485410406400,24127811,3
754485975896592384,26487169,3
754540404708696064,14505245,4
754540404708696064,358545917,4
754540404708696064,438829074,4
754773365571801090,26487169,3
754791686887399424,1367531,3
754805752083124224,471672239,3
754822052457041920,466144416,4
754974223907430402,2242085304,5
754974223907430402,358545917,3
754974223907430402,438829074,3
755035639293341696,3284112337,4
755038953753804801,471672239,3
755267759982784512,358545917,4
755587407278317569,471672239,4
755597401075752960,24127811,6
755866213411094532,26487169,3
756180291895627776,26487169,3
756251097354776576,236487888,3
756251097354776576,26487169,3
756255958481903618,3387188439,3
756341289361092608,3890933907,3
756558822609678336,429229693,3
756558822609678336,462104542,3
756567239302799360,26487169,3
756691370434256896,471672239,3
756861740059533312,26487169,3
756865850804674560,4074814018,3
756987539517480960,26487169,3
757220239453061120,757220239453061120,5
757274031519363072,750868791752593408,6
757274031519363072,757274031519363072,39
757274031519363072,772891119424331776,3
757282945723932672,26487169,3
757564780404015104,16163639,3
757709658555490305,26487169,4
757780368103731200,24127811,5
757790724712636416,26487169,7
757790724712636416,471672239,3
757798189512531970,169885812,4
757870525137817600,26487169,3
757976461408075776,26487169,3
757987650460680193,49698134,3
757998745724162048,471672239,3
758005542501556224,471672239,4
758009417111576577,471672239,3
758100779769040896,754884880996020225,5
758276525649195008,148291255,17
758384189687336960,471672239,3
758385891073069056,26487169,3
758385891073069056,3284112337,4
758394478331920384,3284112337,3
758473906369900544,3284112337,3
758516694180438017,26487169,5
758606576,24127811,4
758788609415655424,26487169,6
758788609415655424,3383049855,6
758788609415655424,358545917,7
758789247306313729,720219959998201856,3
758853975902871552,26487169,3
758853975902871552,466144416,4
758964734091628544,25539759,3
759050999847714816,26487169,6
759050999847714816,471672239,4
759050999847714816,4769536303,3
759063038683148288,26487169,3
759063038683148288,471672239,4
759067145007398912,26487169,3
759091893938499585,2746979823,3
759201627354128384,39344374,3
759291825425375232,741933090390577152,3
759438057460277250,26487169,5
759740240395460608,759740240395460608,4
759763645534314496,26487169,4
759763645534314496,358545917,3
759790795339685888,26487169,5
759791099455995904,199056422,3
760056838662590464,358545917,3
760090602981629952,24127811,3
760098153307701250,2534195028,3
760098153307701250,26487169,7
760098153307701250,347627434,4
760098153307701250,39344374,3
760098153307701250,471672239,3
760180496995266560,26487169,6
760261767322710016,26487169,4
760261767322710016,471672239,3
760460466732818433,471672239,3
760581860015673344,471672239,3
760598789002584066,4761064634,3
760667704411975680,760667704411975680,28
760770167982948352,26487169,4
760770167982948352,4761064634,3
760797750,130496027,3
760853723052642304,16163639,7
760853723052642304,26487169,5
760853723052642304,471672239,3
761252506836013056,4761064634,3
761425819721871361,26487169,3
761455354278535168,513438857,13
762004868903104512,26487169,3
762062269979164672,21268897,3
762405017244491776,762405017244491776,4
762860219420467201,471672239,3
763044974745182208,358545917,3
763130254231756802,235613882,3
763130254231756802,763130254231756802,3
763136216359329792,26487169,4
763155212596973568,26487169,6
763410558934810624,24127811,7
763410558934810624,358545917,4
763678896994725889,471672239,3
763961842787950592,24127811,4
763963678274138112,3284112337,3
763963678274138112,471672239,4
764211629156290560,26487169,3
764211629156290560,471672239,3
764307049844998144,109065990,3
764307049844998144,471672239,4
764322548754550784,3070465286,3
764322548754550784,915585672,3
764412749485080576,471672239,3
764572902125608960,109065990,4
764572902125608960,15513604,3
764572902125608960,471672239,3
764601704226574336,779739206339928064,3
764601975505911808,3284112337,3
764656460055793665,26487169,3
764769792196620288,764769792196620288,3
764854399927783424,111216929,4
765180995347898368,884024311,4
765219467915919360,148291255,5
765366985651843072,765366985651843072,4
765418607404658688,26487169,3
765707237239119872,471672239,3
765719354570702848,471672239,3
765749691547914241,26487169,4
765962124837486592,4831603043,4
766456202503024640,26487169,4
767249475345580035,40600816,4
768204297351884800,471672239,3
76823835,331057915,7
76864398,111216929,3
768655062587637761,66054233,3
768732372,331057915,4
768848067097354240,26487169,3
769005411605286912,358545917,3
769153639260758016,471672239,3
769302909511163904,358545917,3
769302909511163904,471672239,3
769328584561418244,471672239,3
769504943275466753,471672239,3
770029545642754048,741014536103301121,17
770029545642754048,770029545642754048,64
770064727187791872,358545917,3
770179146299351040,4690856839,3
770264973490675712,26487169,3
770264973490675712,471672239,3
770394595247198208,26487169,7
770798972092948480,26487169,4
770907634832596992,26487169,4
771498116415623169,24127811,3
771500959214215168,24127811,6
771723948090388480,471672239,3
771795931637379072,26487169,3
772108095514406912,733838438,3
772142974255833088,471672239,4
772507708788531201,26487169,5
772835106088189952,331057915,3
772856434362953728,3914047581,3
772896788768559104,750868791752593408,10
772922160364957697,772922160364957697,8
773030309377953792,26487169,4
773144623812186112,471672239,3
773342482465755136,4761064634,4
773721827726229505,26487169,3
773721827726229505,471672239,3
773970968075235328,438829074,3
774074669230071809,200163987,3
774171195050557440,429229693,3
774451196446711810,4761064634,3
774658431261216768,3914047581,4
774658431261216768,471672239,4
774718101623627776,779739206339928064,3
774784071289466880,358545917,4
775090176762585088,358545917,4
775420500034158592,26487169,5
775432673439338497,26487169,3
775432673439338497,471672239,3
775856502645063680,775856502645063680,8
776055774,109065990,5
776510855634530304,26487169,4
776510855634530304,471672239,3
776563523581276162,26487169,4
776563523581276162,471672239,4
776604720555319296,776604720555319296,3
776954977088438272,471672239,3
776998171,2534195028,3
777239255500197888,438829074,3
777304263940714496,109065990,3
777335313467256832,4761064634,3
777496809866420224,777879358451093504,5
777579270336024576,471672239,3
777879358451093504,777879358451093504,4
778396407032086528,26487169,3
778590987169910786,2776821780,3
778744041580093440,4761064634,3
778909283157172232,4761064634,3
778942593803616256,722942823847170048,3
778952146117165056,24127811,6
778952146117165056,358545917,6
779378588957147136,471672239,3
780154419186982912,780154419186982912,4
780829149950726144,109065990,4
780829149950726144,3284112337,3
780891864002072576,109065990,3
780901125662896132,3284112337,4
781287614263488512,2715055093,3
781359752,111216929,3
781603145269075969,277792122,3
781803414606884864,781803414606884864,3
781947890289827840,26487169,3
782051425735933952,4761064634,4
782289872056881154,111216929,3
782377330241003520,4885703096,3
782439353645576192,26487169,3
782439353645576192,471672239,3
782630950278537217,26487169,3
782691404,26487169,5
782691404,471672239,3
783021231683477504,26487169,6
783040740515512324,109065990,4
783114170644303872,783114170644303872,6
783207625324318720,779739206339928064,3
783258449945780224,16163639,3
783408079836700672,26487169,3
783408079836700672,358545917,3
783561210419642368,109065990,3
783561210419642368,16163639,3
783561210419642368,347627434,3
784012530733740032,14505245,3
784026740632920065,769633904777056256,4
784032038286417920,722942823847170048,4
784415426834857984,26487169,4
784560732834828288,2746979823,3
784813082371588096,26487169,3
785386184461717504,331057915,3
785474108356173824,2746979823,3
785565734080425984,16163639,4
785923537643016192,205644304,3
785923537643016192,26487169,3
785923537643016192,4761064634,3
786319145000402944,718056742962073601,3
786354551271981056,148291255,6
786702670497193984,148291255,3
787155383231971328,3914047581,4
788462102,26487169,6
788462102,358545917,3
78968880,78968880,7
789841534661296133,777879358451093504,3
790344848,471672239,3
790799510,24127811,4
790830852,16163639,6
790830852,26487169,5
791357754594172928,111216929,3
793484450,358545917,3
793880558,471672239,3
794574617667141636,2746979823,3
79468315,26487169,3
796881152,763588974,3
797116675,4761064634,5
798530833,16163639,5
799930255,26487169,6
799930255,471672239,4
800276814,236487888,3
800294959,24127811,3
801038802,26487169,7
801114176,471672239,3
801603578,722942823847170048,5
802580628,26487169,3
803227008,24127811,8
806254171,3284112337,3
80626778,109065990,3
809977070,16163639,3
809977070,26487169,5
809977070,471672239,3
81660893,4761064634,3
819599491,126433539,4
820821745,49698134,3
820939880,894097136,3
822225433,26487169,6
823115648,26487169,3
824328062,14505245,3
824328062,236487888,4
824328062,471672239,4
824408047,24127811,3
824754061,16163639,3
825351942,471672239,3
82537416,4872606291,3
82616432,4236806414,3
826407102,3284112337,4
82770282,3284112337,3
82901787,471672239,3
83470215,26487169,6
83470215,39344374,3
839200800,26487169,3
845430516,462104542,3
852011923,471672239,4
855487766,535662805,3
85709411,85738930,3
860337132,4801886474,3
860804286,26487169,4
861076914,111216929,3
861344060,861344060,4
861554198,861554198,5
86158601,471672239,3
862030153,3383049855,3
862030153,471672239,4
862030153,710990834972233728,3
862420494,111216929,3
86378821,3284112337,4
8642882,54744689,6
864764936,471672239,4
86794987,26487169,3
86794987,358545917,3
87133189,24127811,5
871356878,4761064634,4
872975420,236487888,3
873172632,26487169,4
873172632,710990834972233728,3
874369189,45641358,3
874606098,471672239,3
874696423,26487169,3
874759992,26487169,3
874759992,721737068322271232,4
874763028,15513604,5
874763028,471672239,3
883145995,111216929,4
884311340,26487169,5
884311340,3284112337,3
884311340,4698013082,4
884311340,471672239,3
884311340,4761064634,3
884604300,26487169,4
885069144,358545917,3
885446995,3383049855,3
885731743,26487169,3
88765862,3387188439,3
88765862,358545917,4
889033698,884024311,3
889311686,884024311,3
889979617,26487169,3
889979617,3284112337,3
892739288,884024311,3
892794392,884024311,4
892833475,884024311,3
892835882,884024311,3
892944931,884024311,3
892965319,884024311,4
89475542,89475542,3
895625785,26487169,4
895625785,4236806414,3
896218406,49698134,3
896258742,896258742,27
898828255,2746979823,5
901770510,26487169,6
904875612,26487169,4
905530344,471672239,3
905898240,26487169,3
90803598,111216929,3
908203088,471672239,3
912583795,24127811,10
912583795,374775473,5
912760646,471672239,4
91917842,39344374,3
920277535,24127811,4
922510082,884024311,4
924224208,16163639,8
924224208,438829074,3
924224208,471672239,3
92437974,11866582,3
92668150,471672239,3
927073537,19211550,3
927638324,24127811,3
928875248,24127811,4
929430463,781603145269075969,3
929840257,26487169,3
930032755,471672239,3
930250974,26487169,3
930346952,26487169,11
930449774,26487169,3
930449774,4734689232,3
930556002,2242085304,3
930575720,2461452080,5
930575720,358545917,4
930808560,4761064634,3
934612987,26487169,9
934612987,471672239,3
934785902,471672239,3
9349562,14505245,5
936148682,26487169,3
937839451,466144416,3
940534752,111216929,3
94177313,26487169,4
94566513,16163639,3
947980322,111216929,3
950976000,15659909,4
950976000,24127811,3
950976000,26487169,3
952296307,4761064634,3
952836672,2746979823,6
95502178,2733816872,5
958223216,24127811,3
963054205,884024311,4
96444573,331376866,4
965298974,550708707,4
966358014,443806263,3
96655856,96655856,8
966667328,331057915,3
968729916,26487169,3
971110213,26487169,3
97492736,109065990,3
975217231,272114651,4
975217231,708098284473204736,3
975217231,783114170644303872,3
97710257,26487169,3
97793731,16163639,7
97793731,24127811,3
97793731,26487169,4
97793731,358545917,7
97793731,438829074,3
97793731,779739206339928064,5
98275031,26487169,8
98275031,3284112337,5
98275031,471672239,4
98482432,83648788,3
98967516,1426219171,5
98967516,98967516,3
989834077,236487888,3
989834077,431917957,3
993249000,26487169,10
993249000,429229693,4
994386145,109065990,3
